team_url,season_start_year,competition_id
https://www.transfermarkt.com/fc-brugge/startseite/verein/2282/saison_id/2025,2027,BE1
https://www.transfermarkt.com/krc-genk/startseite/verein/1184/saison_id/2025,2027,BE1
https://www.transfermarkt.com/rsc-anderlecht/startseite/verein/58/saison_id/2025,2027,BE1
https://www.transfermarkt.com/royale-union-saint-gilloise/startseite/verein/3948/saison_id/2025,2027,BE1
https://www.transfermarkt.com/royal-antwerpen-fc/startseite/verein/1096/saison_id/2025,2027,BE1
https://www.transfermarkt.com/kaa-gent/startseite/verein/157/saison_id/2025,2027,BE1
https://www.transfermarkt.com/standard-luttich/startseite/verein/3057/saison_id/2025,2027,BE1
https://www.transfermarkt.com/kvc-westerlo/startseite/verein/968/saison_id/2025,2027,BE1
https://www.transfermarkt.com/rsc-charleroi/startseite/verein/172/saison_id/2025,2027,BE1
https://www.transfermarkt.com/oud-heverlee-leuven/startseite/verein/2727/saison_id/2025,2027,BE1
https://www.transfermarkt.com/cercle-brugge/startseite/verein/520/saison_id/2025,2027,BE1
https://www.transfermarkt.com/kv-mechelen/startseite/verein/354/saison_id/2025,2027,BE1
https://www.transfermarkt.com/vv-st-truiden/startseite/verein/475/saison_id/2025,2027,BE1
https://www.transfermarkt.com/fcv-dender-eh/startseite/verein/9010/saison_id/2025,2027,BE1
https://www.transfermarkt.com/sv-zulte-waregem/startseite/verein/3508/saison_id/2025,2027,BE1
https://www.transfermarkt.com/raal-la-louviere/startseite/verein/3901/saison_id/2025,2027,BE1
https://www.transfermarkt.com/fc-brugge/startseite/verein/2282/saison_id/2025,2026,BE1
https://www.transfermarkt.com/krc-genk/startseite/verein/1184/saison_id/2025,2026,BE1
https://www.transfermarkt.com/rsc-anderlecht/startseite/verein/58/saison_id/2025,2026,BE1
https://www.transfermarkt.com/royale-union-saint-gilloise/startseite/verein/3948/saison_id/2025,2026,BE1
https://www.transfermarkt.com/royal-antwerpen-fc/startseite/verein/1096/saison_id/2025,2026,BE1
https://www.transfermarkt.com/kaa-gent/startseite/verein/157/saison_id/2025,2026,BE1
https://www.transfermarkt.com/standard-luttich/startseite/verein/3057/saison_id/2025,2026,BE1
https://www.transfermarkt.com/kvc-westerlo/startseite/verein/968/saison_id/2025,2026,BE1
https://www.transfermarkt.com/rsc-charleroi/startseite/verein/172/saison_id/2025,2026,BE1
https://www.transfermarkt.com/oud-heverlee-leuven/startseite/verein/2727/saison_id/2025,2026,BE1
https://www.transfermarkt.com/cercle-brugge/startseite/verein/520/saison_id/2025,2026,BE1
https://www.transfermarkt.com/kv-mechelen/startseite/verein/354/saison_id/2025,2026,BE1
https://www.transfermarkt.com/vv-st-truiden/startseite/verein/475/saison_id/2025,2026,BE1
https://www.transfermarkt.com/fcv-dender-eh/startseite/verein/9010/saison_id/2025,2026,BE1
https://www.transfermarkt.com/sv-zulte-waregem/startseite/verein/3508/saison_id/2025,2026,BE1
https://www.transfermarkt.com/raal-la-louviere/startseite/verein/3901/saison_id/2025,2026,BE1
https://www.transfermarkt.com/fc-brugge/startseite/verein/2282/saison_id/2025,2025,BE1
https://www.transfermarkt.com/krc-genk/startseite/verein/1184/saison_id/2025,2025,BE1
https://www.transfermarkt.com/rsc-anderlecht/startseite/verein/58/saison_id/2025,2025,BE1
https://www.transfermarkt.com/royale-union-saint-gilloise/startseite/verein/3948/saison_id/2025,2025,BE1
https://www.transfermarkt.com/royal-antwerpen-fc/startseite/verein/1096/saison_id/2025,2025,BE1
https://www.transfermarkt.com/kaa-gent/startseite/verein/157/saison_id/2025,2025,BE1
https://www.transfermarkt.com/standard-luttich/startseite/verein/3057/saison_id/2025,2025,BE1
https://www.transfermarkt.com/kvc-westerlo/startseite/verein/968/saison_id/2025,2025,BE1
https://www.transfermarkt.com/rsc-charleroi/startseite/verein/172/saison_id/2025,2025,BE1
https://www.transfermarkt.com/oud-heverlee-leuven/startseite/verein/2727/saison_id/2025,2025,BE1
https://www.transfermarkt.com/cercle-brugge/startseite/verein/520/saison_id/2025,2025,BE1
https://www.transfermarkt.com/kv-mechelen/startseite/verein/354/saison_id/2025,2025,BE1
https://www.transfermarkt.com/vv-st-truiden/startseite/verein/475/saison_id/2025,2025,BE1
https://www.transfermarkt.com/fcv-dender-eh/startseite/verein/9010/saison_id/2025,2025,BE1
https://www.transfermarkt.com/sv-zulte-waregem/startseite/verein/3508/saison_id/2025,2025,BE1
https://www.transfermarkt.com/raal-la-louviere/startseite/verein/3901/saison_id/2025,2025,BE1
https://www.transfermarkt.com/fc-brugge/startseite/verein/2282/saison_id/2024,2024,BE1
https://www.transfermarkt.com/krc-genk/startseite/verein/1184/saison_id/2024,2024,BE1
https://www.transfermarkt.com/royale-union-saint-gilloise/startseite/verein/3948/saison_id/2024,2024,BE1
https://www.transfermarkt.com/rsc-anderlecht/startseite/verein/58/saison_id/2024,2024,BE1
https://www.transfermarkt.com/kaa-gent/startseite/verein/157/saison_id/2024,2024,BE1
https://www.transfermarkt.com/royal-antwerpen-fc/startseite/verein/1096/saison_id/2024,2024,BE1
https://www.transfermarkt.com/kvc-westerlo/startseite/verein/968/saison_id/2024,2024,BE1
https://www.transfermarkt.com/standard-luttich/startseite/verein/3057/saison_id/2024,2024,BE1
https://www.transfermarkt.com/cercle-brugge/startseite/verein/520/saison_id/2024,2024,BE1
https://www.transfermarkt.com/oud-heverlee-leuven/startseite/verein/2727/saison_id/2024,2024,BE1
https://www.transfermarkt.com/rsc-charleroi/startseite/verein/172/saison_id/2024,2024,BE1
https://www.transfermarkt.com/kv-mechelen/startseite/verein/354/saison_id/2024,2024,BE1
https://www.transfermarkt.com/vv-st-truiden/startseite/verein/475/saison_id/2024,2024,BE1
https://www.transfermarkt.com/kv-kortrijk/startseite/verein/601/saison_id/2024,2024,BE1
https://www.transfermarkt.com/fcv-dender-eh/startseite/verein/9010/saison_id/2024,2024,BE1
https://www.transfermarkt.com/beerschot-v-a-/startseite/verein/41274/saison_id/2024,2024,BE1
https://www.transfermarkt.com/krc-genk/startseite/verein/1184/saison_id/2023,2023,BE1
https://www.transfermarkt.com/fc-brugge/startseite/verein/2282/saison_id/2023,2023,BE1
https://www.transfermarkt.com/royal-antwerpen-fc/startseite/verein/1096/saison_id/2023,2023,BE1
https://www.transfermarkt.com/rsc-anderlecht/startseite/verein/58/saison_id/2023,2023,BE1
https://www.transfermarkt.com/kaa-gent/startseite/verein/157/saison_id/2023,2023,BE1
https://www.transfermarkt.com/royale-union-saint-gilloise/startseite/verein/3948/saison_id/2023,2023,BE1
https://www.transfermarkt.com/standard-luttich/startseite/verein/3057/saison_id/2023,2023,BE1
https://www.transfermarkt.com/cercle-brugge/startseite/verein/520/saison_id/2023,2023,BE1
https://www.transfermarkt.com/oud-heverlee-leuven/startseite/verein/2727/saison_id/2023,2023,BE1
https://www.transfermarkt.com/kvc-westerlo/startseite/verein/968/saison_id/2023,2023,BE1
https://www.transfermarkt.com/vv-st-truiden/startseite/verein/475/saison_id/2023,2023,BE1
https://www.transfermarkt.com/kv-mechelen/startseite/verein/354/saison_id/2023,2023,BE1
https://www.transfermarkt.com/rwd-molenbeek/startseite/verein/54189/saison_id/2023,2023,BE1
https://www.transfermarkt.com/rsc-charleroi/startseite/verein/172/saison_id/2023,2023,BE1
https://www.transfermarkt.com/kv-kortrijk/startseite/verein/601/saison_id/2023,2023,BE1
https://www.transfermarkt.com/kas-eupen/startseite/verein/1245/saison_id/2023,2023,BE1
team_url,season_start_year,competition_id
https://www.transfermarkt.com/malmo-ff/startseite/verein/496/saison_id/2024,2027,SE1
https://www.transfermarkt.com/hammarby-if/startseite/verein/1059/saison_id/2024,2027,SE1
https://www.transfermarkt.com/djurgardens-if/startseite/verein/1044/saison_id/2024,2027,SE1
https://www.transfermarkt.com/if-elfsborg-boras/startseite/verein/1101/saison_id/2024,2027,SE1
https://www.transfermarkt.com/aik-solna/startseite/verein/272/saison_id/2024,2027,SE1
https://www.transfermarkt.com/bk-hacken/startseite/verein/1109/saison_id/2024,2027,SE1
https://www.transfermarkt.com/ifk-goteborg/startseite/verein/801/saison_id/2024,2027,SE1
https://www.transfermarkt.com/ik-sirius/startseite/verein/7945/saison_id/2024,2027,SE1
https://www.transfermarkt.com/mjallby-aif/startseite/verein/2719/saison_id/2024,2027,SE1
https://www.transfermarkt.com/if-brommapojkarna/startseite/verein/1092/saison_id/2024,2027,SE1
https://www.transfermarkt.com/ifk-norrkoping/startseite/verein/2844/saison_id/2024,2027,SE1
https://www.transfermarkt.com/gais-goteborg/startseite/verein/7009/saison_id/2024,2027,SE1
https://www.transfermarkt.com/halmstads-bk/startseite/verein/1011/saison_id/2024,2027,SE1
https://www.transfermarkt.com/ifk-varnamo/startseite/verein/3622/saison_id/2024,2027,SE1
https://www.transfermarkt.com/osters-if/startseite/verein/1236/saison_id/2024,2027,SE1
https://www.transfermarkt.com/degerfors-if/startseite/verein/3641/saison_id/2024,2027,SE1
team_url,season_start_year,competition_id
https://www.transfermarkt.com/malmo-ff/startseite/verein/496/saison_id/2024,2026,SE1
https://www.transfermarkt.com/hammarby-if/startseite/verein/1059/saison_id/2024,2026,SE1
https://www.transfermarkt.com/djurgardens-if/startseite/verein/1044/saison_id/2024,2026,SE1
https://www.transfermarkt.com/if-elfsborg-boras/startseite/verein/1101/saison_id/2024,2026,SE1
https://www.transfermarkt.com/aik-solna/startseite/verein/272/saison_id/2024,2026,SE1
https://www.transfermarkt.com/bk-hacken/startseite/verein/1109/saison_id/2024,2026,SE1
https://www.transfermarkt.com/ifk-goteborg/startseite/verein/801/saison_id/2024,2026,SE1
https://www.transfermarkt.com/ik-sirius/startseite/verein/7945/saison_id/2024,2026,SE1
https://www.transfermarkt.com/mjallby-aif/startseite/verein/2719/saison_id/2024,2026,SE1
https://www.transfermarkt.com/if-brommapojkarna/startseite/verein/1092/saison_id/2024,2026,SE1
https://www.transfermarkt.com/ifk-norrkoping/startseite/verein/2844/saison_id/2024,2026,SE1
https://www.transfermarkt.com/gais-goteborg/startseite/verein/7009/saison_id/2024,2026,SE1
https://www.transfermarkt.com/halmstads-bk/startseite/verein/1011/saison_id/2024,2026,SE1
https://www.transfermarkt.com/ifk-varnamo/startseite/verein/3622/saison_id/2024,2026,SE1
https://www.transfermarkt.com/osters-if/startseite/verein/1236/saison_id/2024,2026,SE1
https://www.transfermarkt.com/degerfors-if/startseite/verein/3641/saison_id/2024,2026,SE1
team_url,season_start_year,competition_id
https://www.transfermarkt.com/malmo-ff/startseite/verein/496/saison_id/2024,2025,SE1
https://www.transfermarkt.com/hammarby-if/startseite/verein/1059/saison_id/2024,2025,SE1
https://www.transfermarkt.com/djurgardens-if/startseite/verein/1044/saison_id/2024,2025,SE1
https://www.transfermarkt.com/if-elfsborg-boras/startseite/verein/1101/saison_id/2024,2025,SE1
https://www.transfermarkt.com/aik-solna/startseite/verein/272/saison_id/2024,2025,SE1
https://www.transfermarkt.com/bk-hacken/startseite/verein/1109/saison_id/2024,2025,SE1
https://www.transfermarkt.com/ifk-goteborg/startseite/verein/801/saison_id/2024,2025,SE1
https://www.transfermarkt.com/ik-sirius/startseite/verein/7945/saison_id/2024,2025,SE1
https://www.transfermarkt.com/mjallby-aif/startseite/verein/2719/saison_id/2024,2025,SE1
https://www.transfermarkt.com/if-brommapojkarna/startseite/verein/1092/saison_id/2024,2025,SE1
https://www.transfermarkt.com/ifk-norrkoping/startseite/verein/2844/saison_id/2024,2025,SE1
https://www.transfermarkt.com/gais-goteborg/startseite/verein/7009/saison_id/2024,2025,SE1
https://www.transfermarkt.com/halmstads-bk/startseite/verein/1011/saison_id/2024,2025,SE1
https://www.transfermarkt.com/ifk-varnamo/startseite/verein/3622/saison_id/2024,2025,SE1
https://www.transfermarkt.com/osters-if/startseite/verein/1236/saison_id/2024,2025,SE1
https://www.transfermarkt.com/degerfors-if/startseite/verein/3641/saison_id/2024,2025,SE1
team_url,season_start_year,competition_id
https://www.transfermarkt.com/malmo-ff/startseite/verein/496/saison_id/2024,2024,SE1
https://www.transfermarkt.com/hammarby-if/startseite/verein/1059/saison_id/2024,2024,SE1
https://www.transfermarkt.com/djurgardens-if/startseite/verein/1044/saison_id/2024,2024,SE1
https://www.transfermarkt.com/if-elfsborg-boras/startseite/verein/1101/saison_id/2024,2024,SE1
https://www.transfermarkt.com/aik-solna/startseite/verein/272/saison_id/2024,2024,SE1
https://www.transfermarkt.com/bk-hacken/startseite/verein/1109/saison_id/2024,2024,SE1
https://www.transfermarkt.com/ifk-goteborg/startseite/verein/801/saison_id/2024,2024,SE1
https://www.transfermarkt.com/ik-sirius/startseite/verein/7945/saison_id/2024,2024,SE1
https://www.transfermarkt.com/mjallby-aif/startseite/verein/2719/saison_id/2024,2024,SE1
https://www.transfermarkt.com/if-brommapojkarna/startseite/verein/1092/saison_id/2024,2024,SE1
https://www.transfermarkt.com/ifk-norrkoping/startseite/verein/2844/saison_id/2024,2024,SE1
https://www.transfermarkt.com/gais-goteborg/startseite/verein/7009/saison_id/2024,2024,SE1
https://www.transfermarkt.com/halmstads-bk/startseite/verein/1011/saison_id/2024,2024,SE1
https://www.transfermarkt.com/ifk-varnamo/startseite/verein/3622/saison_id/2024,2024,SE1
https://www.transfermarkt.com/osters-if/startseite/verein/1236/saison_id/2024,2024,SE1
https://www.transfermarkt.com/degerfors-if/startseite/verein/3641/saison_id/2024,2024,SE1
team_url,season_start_year,competition_id
https://www.transfermarkt.com/malmo-ff/startseite/verein/496/saison_id/2023,2023,SE1
https://www.transfermarkt.com/bk-hacken/startseite/verein/1109/saison_id/2023,2023,SE1
https://www.transfermarkt.com/aik-solna/startseite/verein/272/saison_id/2023,2023,SE1
https://www.transfermarkt.com/djurgardens-if/startseite/verein/1044/saison_id/2023,2023,SE1
https://www.transfermarkt.com/ifk-goteborg/startseite/verein/801/saison_id/2023,2023,SE1
https://www.transfermarkt.com/if-elfsborg-boras/startseite/verein/1101/saison_id/2023,2023,SE1
https://www.transfermarkt.com/hammarby-if/startseite/verein/1059/saison_id/2023,2023,SE1
https://www.transfermarkt.com/ifk-norrkoping/startseite/verein/2844/saison_id/2023,2023,SE1
https://www.transfermarkt.com/kalmar-ff/startseite/verein/3654/saison_id/2023,2023,SE1
https://www.transfermarkt.com/if-brommapojkarna/startseite/verein/1092/saison_id/2023,2023,SE1
https://www.transfermarkt.com/halmstads-bk/startseite/verein/1011/saison_id/2023,2023,SE1
https://www.transfermarkt.com/ifk-varnamo/startseite/verein/3622/saison_id/2023,2023,SE1
https://www.transfermarkt.com/ik-sirius/startseite/verein/7945/saison_id/2023,2023,SE1
https://www.transfermarkt.com/vasteras-sk/startseite/verein/5202/saison_id/2023,2023,SE1
https://www.transfermarkt.com/mjallby-aif/startseite/verein/2719/saison_id/2023,2023,SE1
https://www.transfermarkt.com/gais-goteborg/startseite/verein/7009/saison_id/2023,2023,SE1
team_url,season_start_year,competition_id
https://www.transfermarkt.com/red-bull-salzburg/startseite/verein/409/saison_id/2025,2027,A1
https://www.transfermarkt.com/sk-sturm-graz/startseite/verein/122/saison_id/2025,2027,A1
https://www.transfermarkt.com/sk-rapid-wien/startseite/verein/170/saison_id/2025,2027,A1
https://www.transfermarkt.com/wolfsberger-ac/startseite/verein/4441/saison_id/2025,2027,A1
https://www.transfermarkt.com/lask/startseite/verein/413/saison_id/2025,2027,A1
https://www.transfermarkt.com/fk-austria-wien/startseite/verein/14/saison_id/2025,2027,A1
https://www.transfermarkt.com/tsv-hartberg/startseite/verein/4467/saison_id/2025,2027,A1
https://www.transfermarkt.com/fc-blau-weiss-linz/startseite/verein/2157/saison_id/2025,2027,A1
https://www.transfermarkt.com/grazer-ak-1902/startseite/verein/316/saison_id/2025,2027,A1
https://www.transfermarkt.com/wsg-tirol/startseite/verein/2446/saison_id/2025,2027,A1
https://www.transfermarkt.com/scr-altach/startseite/verein/3551/saison_id/2025,2027,A1
https://www.transfermarkt.com/sv-ried/startseite/verein/266/saison_id/2025,2027,A1
team_url,season_start_year,competition_id
https://www.transfermarkt.com/red-bull-salzburg/startseite/verein/409/saison_id/2025,2026,A1
https://www.transfermarkt.com/sk-sturm-graz/startseite/verein/122/saison_id/2025,2026,A1
https://www.transfermarkt.com/sk-rapid-wien/startseite/verein/170/saison_id/2025,2026,A1
https://www.transfermarkt.com/wolfsberger-ac/startseite/verein/4441/saison_id/2025,2026,A1
https://www.transfermarkt.com/lask/startseite/verein/413/saison_id/2025,2026,A1
https://www.transfermarkt.com/fk-austria-wien/startseite/verein/14/saison_id/2025,2026,A1
https://www.transfermarkt.com/tsv-hartberg/startseite/verein/4467/saison_id/2025,2026,A1
https://www.transfermarkt.com/fc-blau-weiss-linz/startseite/verein/2157/saison_id/2025,2026,A1
https://www.transfermarkt.com/grazer-ak-1902/startseite/verein/316/saison_id/2025,2026,A1
https://www.transfermarkt.com/wsg-tirol/startseite/verein/2446/saison_id/2025,2026,A1
https://www.transfermarkt.com/scr-altach/startseite/verein/3551/saison_id/2025,2026,A1
https://www.transfermarkt.com/sv-ried/startseite/verein/266/saison_id/2025,2026,A1
team_url,season_start_year,competition_id
https://www.transfermarkt.com/red-bull-salzburg/startseite/verein/409/saison_id/2025,2025,A1
https://www.transfermarkt.com/sk-sturm-graz/startseite/verein/122/saison_id/2025,2025,A1
https://www.transfermarkt.com/sk-rapid-wien/startseite/verein/170/saison_id/2025,2025,A1
https://www.transfermarkt.com/wolfsberger-ac/startseite/verein/4441/saison_id/2025,2025,A1
https://www.transfermarkt.com/lask/startseite/verein/413/saison_id/2025,2025,A1
https://www.transfermarkt.com/fk-austria-wien/startseite/verein/14/saison_id/2025,2025,A1
https://www.transfermarkt.com/tsv-hartberg/startseite/verein/4467/saison_id/2025,2025,A1
https://www.transfermarkt.com/fc-blau-weiss-linz/startseite/verein/2157/saison_id/2025,2025,A1
https://www.transfermarkt.com/grazer-ak-1902/startseite/verein/316/saison_id/2025,2025,A1
https://www.transfermarkt.com/wsg-tirol/startseite/verein/2446/saison_id/2025,2025,A1
https://www.transfermarkt.com/scr-altach/startseite/verein/3551/saison_id/2025,2025,A1
https://www.transfermarkt.com/sv-ried/startseite/verein/266/saison_id/2025,2025,A1
team_url,season_start_year,competition_id
https://www.transfermarkt.com/red-bull-salzburg/startseite/verein/409/saison_id/2024,2024,A1
https://www.transfermarkt.com/sk-sturm-graz/startseite/verein/122/saison_id/2024,2024,A1
https://www.transfermarkt.com/sk-rapid-wien/startseite/verein/170/saison_id/2024,2024,A1
https://www.transfermarkt.com/lask/startseite/verein/413/saison_id/2024,2024,A1
https://www.transfermarkt.com/wolfsberger-ac/startseite/verein/4441/saison_id/2024,2024,A1
https://www.transfermarkt.com/fk-austria-wien/startseite/verein/14/saison_id/2024,2024,A1
https://www.transfermarkt.com/fc-blau-weiss-linz/startseite/verein/2157/saison_id/2024,2024,A1
https://www.transfermarkt.com/tsv-hartberg/startseite/verein/4467/saison_id/2024,2024,A1
https://www.transfermarkt.com/scr-altach/startseite/verein/3551/saison_id/2024,2024,A1
https://www.transfermarkt.com/grazer-ak-1902/startseite/verein/316/saison_id/2024,2024,A1
https://www.transfermarkt.com/sk-austria-klagenfurt/startseite/verein/28760/saison_id/2024,2024,A1
https://www.transfermarkt.com/wsg-tirol/startseite/verein/2446/saison_id/2024,2024,A1
team_url,season_start_year,competition_id
https://www.transfermarkt.com/red-bull-salzburg/startseite/verein/409/saison_id/2023,2023,A1
https://www.transfermarkt.com/sk-sturm-graz/startseite/verein/122/saison_id/2023,2023,A1
https://www.transfermarkt.com/lask/startseite/verein/413/saison_id/2023,2023,A1
https://www.transfermarkt.com/sk-rapid-wien/startseite/verein/170/saison_id/2023,2023,A1
https://www.transfermarkt.com/wolfsberger-ac/startseite/verein/4441/saison_id/2023,2023,A1
https://www.transfermarkt.com/fk-austria-wien/startseite/verein/14/saison_id/2023,2023,A1
https://www.transfermarkt.com/tsv-hartberg/startseite/verein/4467/saison_id/2023,2023,A1
https://www.transfermarkt.com/sk-austria-klagenfurt/startseite/verein/28760/saison_id/2023,2023,A1
https://www.transfermarkt.com/scr-altach/startseite/verein/3551/saison_id/2023,2023,A1
https://www.transfermarkt.com/wsg-tirol/startseite/verein/2446/saison_id/2023,2023,A1
https://www.transfermarkt.com/sc-austria-lustenau/startseite/verein/541/saison_id/2023,2023,A1
https://www.transfermarkt.com/fc-blau-weiss-linz/startseite/verein/2157/saison_id/2023,2023,A1
team_url,season_start_year,competition_id
https://www.transfermarkt.com/fc-kopenhagen/startseite/verein/190/saison_id/2025,2027,DK1
https://www.transfermarkt.com/fc-midtjylland/startseite/verein/865/saison_id/2025,2027,DK1
https://www.transfermarkt.com/brondby-if/startseite/verein/206/saison_id/2025,2027,DK1
https://www.transfermarkt.com/fc-nordsjaelland/startseite/verein/2778/saison_id/2025,2027,DK1
https://www.transfermarkt.com/aarhus-gf/startseite/verein/678/saison_id/2025,2027,DK1
https://www.transfermarkt.com/silkeborg-if/startseite/verein/1177/saison_id/2025,2027,DK1
https://www.transfermarkt.com/viborg-ff/startseite/verein/1063/saison_id/2025,2027,DK1
https://www.transfermarkt.com/vejle-boldklub/startseite/verein/443/saison_id/2025,2027,DK1
https://www.transfermarkt.com/randers-fc/startseite/verein/5724/saison_id/2025,2027,DK1
https://www.transfermarkt.com/sonderjyske/startseite/verein/5817/saison_id/2025,2027,DK1
https://www.transfermarkt.com/odense-boldklub/startseite/verein/173/saison_id/2025,2027,DK1
https://www.transfermarkt.com/fc-fredericia/startseite/verein/5776/saison_id/2025,2027,DK1
team_url,season_start_year,competition_id
https://www.transfermarkt.com/fc-kopenhagen/startseite/verein/190/saison_id/2025,2026,DK1
https://www.transfermarkt.com/fc-midtjylland/startseite/verein/865/saison_id/2025,2026,DK1
https://www.transfermarkt.com/brondby-if/startseite/verein/206/saison_id/2025,2026,DK1
https://www.transfermarkt.com/fc-nordsjaelland/startseite/verein/2778/saison_id/2025,2026,DK1
https://www.transfermarkt.com/aarhus-gf/startseite/verein/678/saison_id/2025,2026,DK1
https://www.transfermarkt.com/silkeborg-if/startseite/verein/1177/saison_id/2025,2026,DK1
https://www.transfermarkt.com/viborg-ff/startseite/verein/1063/saison_id/2025,2026,DK1
https://www.transfermarkt.com/vejle-boldklub/startseite/verein/443/saison_id/2025,2026,DK1
https://www.transfermarkt.com/randers-fc/startseite/verein/5724/saison_id/2025,2026,DK1
https://www.transfermarkt.com/sonderjyske/startseite/verein/5817/saison_id/2025,2026,DK1
https://www.transfermarkt.com/odense-boldklub/startseite/verein/173/saison_id/2025,2026,DK1
https://www.transfermarkt.com/fc-fredericia/startseite/verein/5776/saison_id/2025,2026,DK1
team_url,season_start_year,competition_id
https://www.transfermarkt.com/fc-kopenhagen/startseite/verein/190/saison_id/2025,2025,DK1
https://www.transfermarkt.com/fc-midtjylland/startseite/verein/865/saison_id/2025,2025,DK1
https://www.transfermarkt.com/brondby-if/startseite/verein/206/saison_id/2025,2025,DK1
https://www.transfermarkt.com/fc-nordsjaelland/startseite/verein/2778/saison_id/2025,2025,DK1
https://www.transfermarkt.com/aarhus-gf/startseite/verein/678/saison_id/2025,2025,DK1
https://www.transfermarkt.com/silkeborg-if/startseite/verein/1177/saison_id/2025,2025,DK1
https://www.transfermarkt.com/viborg-ff/startseite/verein/1063/saison_id/2025,2025,DK1
https://www.transfermarkt.com/vejle-boldklub/startseite/verein/443/saison_id/2025,2025,DK1
https://www.transfermarkt.com/randers-fc/startseite/verein/5724/saison_id/2025,2025,DK1
https://www.transfermarkt.com/sonderjyske/startseite/verein/5817/saison_id/2025,2025,DK1
https://www.transfermarkt.com/odense-boldklub/startseite/verein/173/saison_id/2025,2025,DK1
https://www.transfermarkt.com/fc-fredericia/startseite/verein/5776/saison_id/2025,2025,DK1
team_url,season_start_year,competition_id
team_url,season_start_year,competition_id
https://www.transfermarkt.com/fc-kopenhagen/startseite/verein/190/saison_id/2023,2023,DK1
https://www.transfermarkt.com/fc-nordsjaelland/startseite/verein/2778/saison_id/2023,2023,DK1
https://www.transfermarkt.com/fc-midtjylland/startseite/verein/865/saison_id/2023,2023,DK1
https://www.transfermarkt.com/brondby-if/startseite/verein/206/saison_id/2023,2023,DK1
https://www.transfermarkt.com/aarhus-gf/startseite/verein/678/saison_id/2023,2023,DK1
https://www.transfermarkt.com/viborg-ff/startseite/verein/1063/saison_id/2023,2023,DK1
https://www.transfermarkt.com/silkeborg-if/startseite/verein/1177/saison_id/2023,2023,DK1
https://www.transfermarkt.com/lyngby-bk/startseite/verein/369/saison_id/2023,2023,DK1
https://www.transfermarkt.com/randers-fc/startseite/verein/5724/saison_id/2023,2023,DK1
https://www.transfermarkt.com/odense-boldklub/startseite/verein/173/saison_id/2023,2023,DK1
https://www.transfermarkt.com/vejle-boldklub/startseite/verein/443/saison_id/2023,2023,DK1
https://www.transfermarkt.com/hvidovre-if/startseite/verein/1894/saison_id/2023,2023,DK1
team_url,season_start_year,competition_id
https://www.transfermarkt.com/kashima-antlers/startseite/verein/2241/saison_id/2024,2027,JAP1
https://www.transfermarkt.com/sanfrecce-hiroshima/startseite/verein/2697/saison_id/2024,2027,JAP1
https://www.transfermarkt.com/urawa-red-diamonds/startseite/verein/828/saison_id/2024,2027,JAP1
https://www.transfermarkt.com/vissel-kobe/startseite/verein/3958/saison_id/2024,2027,JAP1
https://www.transfermarkt.com/gamba-osaka/startseite/verein/596/saison_id/2024,2027,JAP1
https://www.transfermarkt.com/cerezo-osaka/startseite/verein/1022/saison_id/2024,2027,JAP1
https://www.transfermarkt.com/kawasaki-frontale/startseite/verein/9598/saison_id/2024,2027,JAP1
https://www.transfermarkt.com/kashiwa-reysol/startseite/verein/6632/saison_id/2024,2027,JAP1
https://www.transfermarkt.com/fc-tokyo/startseite/verein/6631/saison_id/2024,2027,JAP1
https://www.transfermarkt.com/machida-zelvia/startseite/verein/23568/saison_id/2024,2027,JAP1
https://www.transfermarkt.com/yokohama-f-marinos/startseite/verein/3828/saison_id/2024,2027,JAP1
https://www.transfermarkt.com/nagoya-grampus/startseite/verein/1066/saison_id/2024,2027,JAP1
https://www.transfermarkt.com/kyoto-sanga/startseite/verein/593/saison_id/2024,2027,JAP1
https://www.transfermarkt.com/avispa-fukuoka/startseite/verein/9597/saison_id/2024,2027,JAP1
https://www.transfermarkt.com/shimizu-s-pulse/startseite/verein/1062/saison_id/2024,2027,JAP1
https://www.transfermarkt.com/albirex-niigata/startseite/verein/8344/saison_id/2024,2027,JAP1
https://www.transfermarkt.com/yokohama-fc/startseite/verein/943/saison_id/2024,2027,JAP1
https://www.transfermarkt.com/tokyo-verdy/startseite/verein/3734/saison_id/2024,2027,JAP1
https://www.transfermarkt.com/fagiano-okayama/startseite/verein/22171/saison_id/2024,2027,JAP1
https://www.transfermarkt.com/shonan-bellmare/startseite/verein/8457/saison_id/2024,2027,JAP1
team_url,season_start_year,competition_id
https://www.transfermarkt.com/kashima-antlers/startseite/verein/2241/saison_id/2024,2026,JAP1
https://www.transfermarkt.com/sanfrecce-hiroshima/startseite/verein/2697/saison_id/2024,2026,JAP1
https://www.transfermarkt.com/urawa-red-diamonds/startseite/verein/828/saison_id/2024,2026,JAP1
https://www.transfermarkt.com/vissel-kobe/startseite/verein/3958/saison_id/2024,2026,JAP1
https://www.transfermarkt.com/gamba-osaka/startseite/verein/596/saison_id/2024,2026,JAP1
https://www.transfermarkt.com/cerezo-osaka/startseite/verein/1022/saison_id/2024,2026,JAP1
https://www.transfermarkt.com/kawasaki-frontale/startseite/verein/9598/saison_id/2024,2026,JAP1
https://www.transfermarkt.com/kashiwa-reysol/startseite/verein/6632/saison_id/2024,2026,JAP1
https://www.transfermarkt.com/fc-tokyo/startseite/verein/6631/saison_id/2024,2026,JAP1
https://www.transfermarkt.com/machida-zelvia/startseite/verein/23568/saison_id/2024,2026,JAP1
https://www.transfermarkt.com/yokohama-f-marinos/startseite/verein/3828/saison_id/2024,2026,JAP1
https://www.transfermarkt.com/nagoya-grampus/startseite/verein/1066/saison_id/2024,2026,JAP1
https://www.transfermarkt.com/kyoto-sanga/startseite/verein/593/saison_id/2024,2026,JAP1
https://www.transfermarkt.com/avispa-fukuoka/startseite/verein/9597/saison_id/2024,2026,JAP1
https://www.transfermarkt.com/shimizu-s-pulse/startseite/verein/1062/saison_id/2024,2026,JAP1
https://www.transfermarkt.com/albirex-niigata/startseite/verein/8344/saison_id/2024,2026,JAP1
https://www.transfermarkt.com/yokohama-fc/startseite/verein/943/saison_id/2024,2026,JAP1
https://www.transfermarkt.com/tokyo-verdy/startseite/verein/3734/saison_id/2024,2026,JAP1
https://www.transfermarkt.com/fagiano-okayama/startseite/verein/22171/saison_id/2024,2026,JAP1
https://www.transfermarkt.com/shonan-bellmare/startseite/verein/8457/saison_id/2024,2026,JAP1
team_url,season_start_year,competition_id
https://www.transfermarkt.com/kashima-antlers/startseite/verein/2241/saison_id/2024,2025,JAP1
https://www.transfermarkt.com/sanfrecce-hiroshima/startseite/verein/2697/saison_id/2024,2025,JAP1
https://www.transfermarkt.com/urawa-red-diamonds/startseite/verein/828/saison_id/2024,2025,JAP1
https://www.transfermarkt.com/vissel-kobe/startseite/verein/3958/saison_id/2024,2025,JAP1
https://www.transfermarkt.com/gamba-osaka/startseite/verein/596/saison_id/2024,2025,JAP1
https://www.transfermarkt.com/cerezo-osaka/startseite/verein/1022/saison_id/2024,2025,JAP1
https://www.transfermarkt.com/kawasaki-frontale/startseite/verein/9598/saison_id/2024,2025,JAP1
https://www.transfermarkt.com/kashiwa-reysol/startseite/verein/6632/saison_id/2024,2025,JAP1
https://www.transfermarkt.com/fc-tokyo/startseite/verein/6631/saison_id/2024,2025,JAP1
https://www.transfermarkt.com/machida-zelvia/startseite/verein/23568/saison_id/2024,2025,JAP1
https://www.transfermarkt.com/yokohama-f-marinos/startseite/verein/3828/saison_id/2024,2025,JAP1
https://www.transfermarkt.com/nagoya-grampus/startseite/verein/1066/saison_id/2024,2025,JAP1
https://www.transfermarkt.com/kyoto-sanga/startseite/verein/593/saison_id/2024,2025,JAP1
https://www.transfermarkt.com/avispa-fukuoka/startseite/verein/9597/saison_id/2024,2025,JAP1
https://www.transfermarkt.com/shimizu-s-pulse/startseite/verein/1062/saison_id/2024,2025,JAP1
https://www.transfermarkt.com/albirex-niigata/startseite/verein/8344/saison_id/2024,2025,JAP1
https://www.transfermarkt.com/yokohama-fc/startseite/verein/943/saison_id/2024,2025,JAP1
https://www.transfermarkt.com/tokyo-verdy/startseite/verein/3734/saison_id/2024,2025,JAP1
https://www.transfermarkt.com/fagiano-okayama/startseite/verein/22171/saison_id/2024,2025,JAP1
https://www.transfermarkt.com/shonan-bellmare/startseite/verein/8457/saison_id/2024,2025,JAP1
team_url,season_start_year,competition_id
https://www.transfermarkt.com/kashima-antlers/startseite/verein/2241/saison_id/2024,2024,JAP1
https://www.transfermarkt.com/sanfrecce-hiroshima/startseite/verein/2697/saison_id/2024,2024,JAP1
https://www.transfermarkt.com/urawa-red-diamonds/startseite/verein/828/saison_id/2024,2024,JAP1
https://www.transfermarkt.com/vissel-kobe/startseite/verein/3958/saison_id/2024,2024,JAP1
https://www.transfermarkt.com/gamba-osaka/startseite/verein/596/saison_id/2024,2024,JAP1
https://www.transfermarkt.com/cerezo-osaka/startseite/verein/1022/saison_id/2024,2024,JAP1
https://www.transfermarkt.com/kawasaki-frontale/startseite/verein/9598/saison_id/2024,2024,JAP1
https://www.transfermarkt.com/kashiwa-reysol/startseite/verein/6632/saison_id/2024,2024,JAP1
https://www.transfermarkt.com/fc-tokyo/startseite/verein/6631/saison_id/2024,2024,JAP1
https://www.transfermarkt.com/machida-zelvia/startseite/verein/23568/saison_id/2024,2024,JAP1
https://www.transfermarkt.com/yokohama-f-marinos/startseite/verein/3828/saison_id/2024,2024,JAP1
https://www.transfermarkt.com/nagoya-grampus/startseite/verein/1066/saison_id/2024,2024,JAP1
https://www.transfermarkt.com/kyoto-sanga/startseite/verein/593/saison_id/2024,2024,JAP1
https://www.transfermarkt.com/avispa-fukuoka/startseite/verein/9597/saison_id/2024,2024,JAP1
https://www.transfermarkt.com/shimizu-s-pulse/startseite/verein/1062/saison_id/2024,2024,JAP1
https://www.transfermarkt.com/albirex-niigata/startseite/verein/8344/saison_id/2024,2024,JAP1
https://www.transfermarkt.com/yokohama-fc/startseite/verein/943/saison_id/2024,2024,JAP1
https://www.transfermarkt.com/tokyo-verdy/startseite/verein/3734/saison_id/2024,2024,JAP1
https://www.transfermarkt.com/fagiano-okayama/startseite/verein/22171/saison_id/2024,2024,JAP1
https://www.transfermarkt.com/shonan-bellmare/startseite/verein/8457/saison_id/2024,2024,JAP1
team_url,season_start_year,competition_id
https://www.transfermarkt.com/urawa-red-diamonds/startseite/verein/828/saison_id/2023,2023,JAP1
https://www.transfermarkt.com/kawasaki-frontale/startseite/verein/9598/saison_id/2023,2023,JAP1
https://www.transfermarkt.com/kashima-antlers/startseite/verein/2241/saison_id/2023,2023,JAP1
https://www.transfermarkt.com/gamba-osaka/startseite/verein/596/saison_id/2023,2023,JAP1
https://www.transfermarkt.com/sanfrecce-hiroshima/startseite/verein/2697/saison_id/2023,2023,JAP1
https://www.transfermarkt.com/nagoya-grampus/startseite/verein/1066/saison_id/2023,2023,JAP1
https://www.transfermarkt.com/cerezo-osaka/startseite/verein/1022/saison_id/2023,2023,JAP1
https://www.transfermarkt.com/vissel-kobe/startseite/verein/3958/saison_id/2023,2023,JAP1
https://www.transfermarkt.com/yokohama-f-marinos/startseite/verein/3828/saison_id/2023,2023,JAP1
https://www.transfermarkt.com/kyoto-sanga/startseite/verein/593/saison_id/2023,2023,JAP1
https://www.transfermarkt.com/machida-zelvia/startseite/verein/23568/saison_id/2023,2023,JAP1
https://www.transfermarkt.com/kashiwa-reysol/startseite/verein/6632/saison_id/2023,2023,JAP1
https://www.transfermarkt.com/hokkaido-consadole-sapporo/startseite/verein/16032/saison_id/2023,2023,JAP1
https://www.transfermarkt.com/jubilo-iwata/startseite/verein/937/saison_id/2023,2023,JAP1
https://www.transfermarkt.com/shonan-bellmare/startseite/verein/8457/saison_id/2023,2023,JAP1
https://www.transfermarkt.com/fc-tokyo/startseite/verein/6631/saison_id/2023,2023,JAP1
https://www.transfermarkt.com/sagan-tosu/startseite/verein/22177/saison_id/2023,2023,JAP1
https://www.transfermarkt.com/avispa-fukuoka/startseite/verein/9597/saison_id/2023,2023,JAP1
https://www.transfermarkt.com/albirex-niigata/startseite/verein/8344/saison_id/2023,2023,JAP1
https://www.transfermarkt.com/tokyo-verdy/startseite/verein/3734/saison_id/2023,2023,JAP1
team_url,season_start_year,competition_id
https://www.transfermarkt.com/psv-eindhoven/startseite/verein/383/saison_id/2025,2027,NL1
https://www.transfermarkt.com/feyenoord-rotterdam/startseite/verein/234/saison_id/2025,2027,NL1
https://www.transfermarkt.com/ajax-amsterdam/startseite/verein/610/saison_id/2025,2027,NL1
https://www.transfermarkt.com/az-alkmaar/startseite/verein/1090/saison_id/2025,2027,NL1
https://www.transfermarkt.com/fc-utrecht/startseite/verein/200/saison_id/2025,2027,NL1
https://www.transfermarkt.com/fc-twente-enschede/startseite/verein/317/saison_id/2025,2027,NL1
https://www.transfermarkt.com/sc-heerenveen/startseite/verein/306/saison_id/2025,2027,NL1
https://www.transfermarkt.com/go-ahead-eagles-deventer/startseite/verein/1435/saison_id/2025,2027,NL1
https://www.transfermarkt.com/nec-nijmegen/startseite/verein/467/saison_id/2025,2027,NL1
https://www.transfermarkt.com/sparta-rotterdam/startseite/verein/468/saison_id/2025,2027,NL1
https://www.transfermarkt.com/fc-groningen/startseite/verein/202/saison_id/2025,2027,NL1
https://www.transfermarkt.com/fortuna-sittard/startseite/verein/385/saison_id/2025,2027,NL1
https://www.transfermarkt.com/nac-breda/startseite/verein/132/saison_id/2025,2027,NL1
https://www.transfermarkt.com/pec-zwolle/startseite/verein/1269/saison_id/2025,2027,NL1
https://www.transfermarkt.com/heracles-almelo/startseite/verein/1304/saison_id/2025,2027,NL1
https://www.transfermarkt.com/sbv-excelsior-rotterdam/startseite/verein/798/saison_id/2025,2027,NL1
https://www.transfermarkt.com/fc-volendam/startseite/verein/724/saison_id/2025,2027,NL1
https://www.transfermarkt.com/sc-telstar/startseite/verein/1434/saison_id/2025,2027,NL1
team_url,season_start_year,competition_id
https://www.transfermarkt.com/psv-eindhoven/startseite/verein/383/saison_id/2025,2026,NL1
https://www.transfermarkt.com/feyenoord-rotterdam/startseite/verein/234/saison_id/2025,2026,NL1
https://www.transfermarkt.com/ajax-amsterdam/startseite/verein/610/saison_id/2025,2026,NL1
https://www.transfermarkt.com/az-alkmaar/startseite/verein/1090/saison_id/2025,2026,NL1
https://www.transfermarkt.com/fc-utrecht/startseite/verein/200/saison_id/2025,2026,NL1
https://www.transfermarkt.com/fc-twente-enschede/startseite/verein/317/saison_id/2025,2026,NL1
https://www.transfermarkt.com/sc-heerenveen/startseite/verein/306/saison_id/2025,2026,NL1
https://www.transfermarkt.com/go-ahead-eagles-deventer/startseite/verein/1435/saison_id/2025,2026,NL1
https://www.transfermarkt.com/nec-nijmegen/startseite/verein/467/saison_id/2025,2026,NL1
https://www.transfermarkt.com/sparta-rotterdam/startseite/verein/468/saison_id/2025,2026,NL1
https://www.transfermarkt.com/fc-groningen/startseite/verein/202/saison_id/2025,2026,NL1
https://www.transfermarkt.com/fortuna-sittard/startseite/verein/385/saison_id/2025,2026,NL1
https://www.transfermarkt.com/nac-breda/startseite/verein/132/saison_id/2025,2026,NL1
https://www.transfermarkt.com/pec-zwolle/startseite/verein/1269/saison_id/2025,2026,NL1
https://www.transfermarkt.com/heracles-almelo/startseite/verein/1304/saison_id/2025,2026,NL1
https://www.transfermarkt.com/sbv-excelsior-rotterdam/startseite/verein/798/saison_id/2025,2026,NL1
https://www.transfermarkt.com/fc-volendam/startseite/verein/724/saison_id/2025,2026,NL1
https://www.transfermarkt.com/sc-telstar/startseite/verein/1434/saison_id/2025,2026,NL1
team_url,season_start_year,competition_id
https://www.transfermarkt.com/psv-eindhoven/startseite/verein/383/saison_id/2025,2025,NL1
https://www.transfermarkt.com/feyenoord-rotterdam/startseite/verein/234/saison_id/2025,2025,NL1
https://www.transfermarkt.com/ajax-amsterdam/startseite/verein/610/saison_id/2025,2025,NL1
https://www.transfermarkt.com/az-alkmaar/startseite/verein/1090/saison_id/2025,2025,NL1
https://www.transfermarkt.com/fc-utrecht/startseite/verein/200/saison_id/2025,2025,NL1
https://www.transfermarkt.com/fc-twente-enschede/startseite/verein/317/saison_id/2025,2025,NL1
https://www.transfermarkt.com/sc-heerenveen/startseite/verein/306/saison_id/2025,2025,NL1
https://www.transfermarkt.com/go-ahead-eagles-deventer/startseite/verein/1435/saison_id/2025,2025,NL1
https://www.transfermarkt.com/nec-nijmegen/startseite/verein/467/saison_id/2025,2025,NL1
https://www.transfermarkt.com/sparta-rotterdam/startseite/verein/468/saison_id/2025,2025,NL1
https://www.transfermarkt.com/fc-groningen/startseite/verein/202/saison_id/2025,2025,NL1
https://www.transfermarkt.com/fortuna-sittard/startseite/verein/385/saison_id/2025,2025,NL1
https://www.transfermarkt.com/nac-breda/startseite/verein/132/saison_id/2025,2025,NL1
https://www.transfermarkt.com/pec-zwolle/startseite/verein/1269/saison_id/2025,2025,NL1
https://www.transfermarkt.com/heracles-almelo/startseite/verein/1304/saison_id/2025,2025,NL1
https://www.transfermarkt.com/sbv-excelsior-rotterdam/startseite/verein/798/saison_id/2025,2025,NL1
https://www.transfermarkt.com/fc-volendam/startseite/verein/724/saison_id/2025,2025,NL1
https://www.transfermarkt.com/sc-telstar/startseite/verein/1434/saison_id/2025,2025,NL1
team_url,season_start_year,competition_id
https://www.transfermarkt.com/feyenoord-rotterdam/startseite/verein/234/saison_id/2024,2024,NL1
https://www.transfermarkt.com/psv-eindhoven/startseite/verein/383/saison_id/2024,2024,NL1
https://www.transfermarkt.com/ajax-amsterdam/startseite/verein/610/saison_id/2024,2024,NL1
https://www.transfermarkt.com/az-alkmaar/startseite/verein/1090/saison_id/2024,2024,NL1
https://www.transfermarkt.com/fc-twente-enschede/startseite/verein/317/saison_id/2024,2024,NL1
https://www.transfermarkt.com/fc-utrecht/startseite/verein/200/saison_id/2024,2024,NL1
https://www.transfermarkt.com/sc-heerenveen/startseite/verein/306/saison_id/2024,2024,NL1
https://www.transfermarkt.com/sparta-rotterdam/startseite/verein/468/saison_id/2024,2024,NL1
https://www.transfermarkt.com/go-ahead-eagles-deventer/startseite/verein/1435/saison_id/2024,2024,NL1
https://www.transfermarkt.com/nec-nijmegen/startseite/verein/467/saison_id/2024,2024,NL1
https://www.transfermarkt.com/fc-groningen/startseite/verein/202/saison_id/2024,2024,NL1
https://www.transfermarkt.com/pec-zwolle/startseite/verein/1269/saison_id/2024,2024,NL1
https://www.transfermarkt.com/fortuna-sittard/startseite/verein/385/saison_id/2024,2024,NL1
https://www.transfermarkt.com/nac-breda/startseite/verein/132/saison_id/2024,2024,NL1
https://www.transfermarkt.com/heracles-almelo/startseite/verein/1304/saison_id/2024,2024,NL1
https://www.transfermarkt.com/almere-city-fc/startseite/verein/723/saison_id/2024,2024,NL1
https://www.transfermarkt.com/willem-ii-tilburg/startseite/verein/403/saison_id/2024,2024,NL1
https://www.transfermarkt.com/rkc-waalwijk/startseite/verein/235/saison_id/2024,2024,NL1
team_url,season_start_year,competition_id
https://www.transfermarkt.com/psv-eindhoven/startseite/verein/383/saison_id/2023,2023,NL1
https://www.transfermarkt.com/feyenoord-rotterdam/startseite/verein/234/saison_id/2023,2023,NL1
https://www.transfermarkt.com/ajax-amsterdam/startseite/verein/610/saison_id/2023,2023,NL1
https://www.transfermarkt.com/az-alkmaar/startseite/verein/1090/saison_id/2023,2023,NL1
https://www.transfermarkt.com/fc-twente-enschede/startseite/verein/317/saison_id/2023,2023,NL1
https://www.transfermarkt.com/fc-utrecht/startseite/verein/200/saison_id/2023,2023,NL1
https://www.transfermarkt.com/nec-nijmegen/startseite/verein/467/saison_id/2023,2023,NL1
https://www.transfermarkt.com/sc-heerenveen/startseite/verein/306/saison_id/2023,2023,NL1
https://www.transfermarkt.com/sparta-rotterdam/startseite/verein/468/saison_id/2023,2023,NL1
https://www.transfermarkt.com/fortuna-sittard/startseite/verein/385/saison_id/2023,2023,NL1
https://www.transfermarkt.com/vitesse-arnheim/startseite/verein/499/saison_id/2023,2023,NL1
https://www.transfermarkt.com/sbv-excelsior-rotterdam/startseite/verein/798/saison_id/2023,2023,NL1
https://www.transfermarkt.com/go-ahead-eagles-deventer/startseite/verein/1435/saison_id/2023,2023,NL1
https://www.transfermarkt.com/pec-zwolle/startseite/verein/1269/saison_id/2023,2023,NL1
https://www.transfermarkt.com/almere-city-fc/startseite/verein/723/saison_id/2023,2023,NL1
https://www.transfermarkt.com/heracles-almelo/startseite/verein/1304/saison_id/2023,2023,NL1
https://www.transfermarkt.com/fc-volendam/startseite/verein/724/saison_id/2023,2023,NL1
https://www.transfermarkt.com/rkc-waalwijk/startseite/verein/235/saison_id/2023,2023,NL1
team_url,season_start_year,competition_id
https://www.transfermarkt.com/fk-bodo-glimt/startseite/verein/501/saison_id/2024,2027,NO1
https://www.transfermarkt.com/rosenborg-bk/startseite/verein/195/saison_id/2024,2027,NO1
https://www.transfermarkt.com/viking-stavanger/startseite/verein/239/saison_id/2024,2027,NO1
https://www.transfermarkt.com/sk-brann/startseite/verein/1100/saison_id/2024,2027,NO1
https://www.transfermarkt.com/molde-fk/startseite/verein/687/saison_id/2024,2027,NO1
https://www.transfermarkt.com/tromso-il/startseite/verein/1293/saison_id/2024,2027,NO1
https://www.transfermarkt.com/sarpsborg-08-ff/startseite/verein/10217/saison_id/2024,2027,NO1
https://www.transfermarkt.com/fredrikstad-fk/startseite/verein/3837/saison_id/2024,2027,NO1
https://www.transfermarkt.com/valerenga-fotball/startseite/verein/76/saison_id/2024,2027,NO1
https://www.transfermarkt.com/sandefjord-fotball/startseite/verein/6399/saison_id/2024,2027,NO1
https://www.transfermarkt.com/stromsgodset-if/startseite/verein/2817/saison_id/2024,2027,NO1
https://www.transfermarkt.com/kristiansund-bk/startseite/verein/21101/saison_id/2024,2027,NO1
https://www.transfermarkt.com/fk-haugesund/startseite/verein/2761/saison_id/2024,2027,NO1
https://www.transfermarkt.com/kfum-kameratene-oslo/startseite/verein/23184/saison_id/2024,2027,NO1
https://www.transfermarkt.com/bryne-fk/startseite/verein/1057/saison_id/2024,2027,NO1
https://www.transfermarkt.com/hamarkameratene/startseite/verein/4309/saison_id/2024,2027,NO1
team_url,season_start_year,competition_id
https://www.transfermarkt.com/fk-bodo-glimt/startseite/verein/501/saison_id/2024,2026,NO1
https://www.transfermarkt.com/rosenborg-bk/startseite/verein/195/saison_id/2024,2026,NO1
https://www.transfermarkt.com/viking-stavanger/startseite/verein/239/saison_id/2024,2026,NO1
https://www.transfermarkt.com/sk-brann/startseite/verein/1100/saison_id/2024,2026,NO1
https://www.transfermarkt.com/molde-fk/startseite/verein/687/saison_id/2024,2026,NO1
https://www.transfermarkt.com/tromso-il/startseite/verein/1293/saison_id/2024,2026,NO1
https://www.transfermarkt.com/sarpsborg-08-ff/startseite/verein/10217/saison_id/2024,2026,NO1
https://www.transfermarkt.com/fredrikstad-fk/startseite/verein/3837/saison_id/2024,2026,NO1
https://www.transfermarkt.com/valerenga-fotball/startseite/verein/76/saison_id/2024,2026,NO1
https://www.transfermarkt.com/sandefjord-fotball/startseite/verein/6399/saison_id/2024,2026,NO1
https://www.transfermarkt.com/stromsgodset-if/startseite/verein/2817/saison_id/2024,2026,NO1
https://www.transfermarkt.com/kristiansund-bk/startseite/verein/21101/saison_id/2024,2026,NO1
https://www.transfermarkt.com/fk-haugesund/startseite/verein/2761/saison_id/2024,2026,NO1
https://www.transfermarkt.com/kfum-kameratene-oslo/startseite/verein/23184/saison_id/2024,2026,NO1
https://www.transfermarkt.com/bryne-fk/startseite/verein/1057/saison_id/2024,2026,NO1
https://www.transfermarkt.com/hamarkameratene/startseite/verein/4309/saison_id/2024,2026,NO1
team_url,season_start_year,competition_id
https://www.transfermarkt.com/fk-bodo-glimt/startseite/verein/501/saison_id/2024,2025,NO1
https://www.transfermarkt.com/rosenborg-bk/startseite/verein/195/saison_id/2024,2025,NO1
https://www.transfermarkt.com/viking-stavanger/startseite/verein/239/saison_id/2024,2025,NO1
https://www.transfermarkt.com/sk-brann/startseite/verein/1100/saison_id/2024,2025,NO1
https://www.transfermarkt.com/molde-fk/startseite/verein/687/saison_id/2024,2025,NO1
https://www.transfermarkt.com/tromso-il/startseite/verein/1293/saison_id/2024,2025,NO1
https://www.transfermarkt.com/sarpsborg-08-ff/startseite/verein/10217/saison_id/2024,2025,NO1
https://www.transfermarkt.com/fredrikstad-fk/startseite/verein/3837/saison_id/2024,2025,NO1
https://www.transfermarkt.com/valerenga-fotball/startseite/verein/76/saison_id/2024,2025,NO1
https://www.transfermarkt.com/sandefjord-fotball/startseite/verein/6399/saison_id/2024,2025,NO1
https://www.transfermarkt.com/stromsgodset-if/startseite/verein/2817/saison_id/2024,2025,NO1
https://www.transfermarkt.com/kristiansund-bk/startseite/verein/21101/saison_id/2024,2025,NO1
https://www.transfermarkt.com/fk-haugesund/startseite/verein/2761/saison_id/2024,2025,NO1
https://www.transfermarkt.com/kfum-kameratene-oslo/startseite/verein/23184/saison_id/2024,2025,NO1
https://www.transfermarkt.com/bryne-fk/startseite/verein/1057/saison_id/2024,2025,NO1
https://www.transfermarkt.com/hamarkameratene/startseite/verein/4309/saison_id/2024,2025,NO1
team_url,season_start_year,competition_id
https://www.transfermarkt.com/fk-bodo-glimt/startseite/verein/501/saison_id/2024,2024,NO1
https://www.transfermarkt.com/rosenborg-bk/startseite/verein/195/saison_id/2024,2024,NO1
https://www.transfermarkt.com/viking-stavanger/startseite/verein/239/saison_id/2024,2024,NO1
https://www.transfermarkt.com/sk-brann/startseite/verein/1100/saison_id/2024,2024,NO1
https://www.transfermarkt.com/molde-fk/startseite/verein/687/saison_id/2024,2024,NO1
https://www.transfermarkt.com/tromso-il/startseite/verein/1293/saison_id/2024,2024,NO1
https://www.transfermarkt.com/sarpsborg-08-ff/startseite/verein/10217/saison_id/2024,2024,NO1
https://www.transfermarkt.com/fredrikstad-fk/startseite/verein/3837/saison_id/2024,2024,NO1
https://www.transfermarkt.com/valerenga-fotball/startseite/verein/76/saison_id/2024,2024,NO1
https://www.transfermarkt.com/sandefjord-fotball/startseite/verein/6399/saison_id/2024,2024,NO1
https://www.transfermarkt.com/stromsgodset-if/startseite/verein/2817/saison_id/2024,2024,NO1
https://www.transfermarkt.com/kristiansund-bk/startseite/verein/21101/saison_id/2024,2024,NO1
https://www.transfermarkt.com/fk-haugesund/startseite/verein/2761/saison_id/2024,2024,NO1
https://www.transfermarkt.com/kfum-kameratene-oslo/startseite/verein/23184/saison_id/2024,2024,NO1
https://www.transfermarkt.com/bryne-fk/startseite/verein/1057/saison_id/2024,2024,NO1
https://www.transfermarkt.com/hamarkameratene/startseite/verein/4309/saison_id/2024,2024,NO1
team_url,season_start_year,competition_id
https://www.transfermarkt.com/fk-bodo-glimt/startseite/verein/501/saison_id/2023,2023,NO1
https://www.transfermarkt.com/molde-fk/startseite/verein/687/saison_id/2023,2023,NO1
https://www.transfermarkt.com/rosenborg-bk/startseite/verein/195/saison_id/2023,2023,NO1
https://www.transfermarkt.com/viking-stavanger/startseite/verein/239/saison_id/2023,2023,NO1
https://www.transfermarkt.com/lillestrom-sk/startseite/verein/353/saison_id/2023,2023,NO1
https://www.transfermarkt.com/sarpsborg-08-ff/startseite/verein/10217/saison_id/2023,2023,NO1
https://www.transfermarkt.com/sk-brann/startseite/verein/1100/saison_id/2023,2023,NO1
https://www.transfermarkt.com/odds-bk/startseite/verein/1058/saison_id/2023,2023,NO1
https://www.transfermarkt.com/hamarkameratene/startseite/verein/4309/saison_id/2023,2023,NO1
https://www.transfermarkt.com/fredrikstad-fk/startseite/verein/3837/saison_id/2023,2023,NO1
https://www.transfermarkt.com/tromso-il/startseite/verein/1293/saison_id/2023,2023,NO1
https://www.transfermarkt.com/stromsgodset-if/startseite/verein/2817/saison_id/2023,2023,NO1
https://www.transfermarkt.com/kristiansund-bk/startseite/verein/21101/saison_id/2023,2023,NO1
https://www.transfermarkt.com/fk-haugesund/startseite/verein/2761/saison_id/2023,2023,NO1
https://www.transfermarkt.com/kfum-kameratene-oslo/startseite/verein/23184/saison_id/2023,2023,NO1
https://www.transfermarkt.com/sandefjord-fotball/startseite/verein/6399/saison_id/2023,2023,NO1
team_url,season_start_year,competition_id
https://www.transfermarkt.com/sporting-lissabon/startseite/verein/336/saison_id/2025,2027,PO1
https://www.transfermarkt.com/fc-porto/startseite/verein/720/saison_id/2025,2027,PO1
https://www.transfermarkt.com/benfica-lissabon/startseite/verein/294/saison_id/2025,2027,PO1
https://www.transfermarkt.com/sc-braga/startseite/verein/1075/saison_id/2025,2027,PO1
https://www.transfermarkt.com/fc-famalicao/startseite/verein/3329/saison_id/2025,2027,PO1
https://www.transfermarkt.com/vitoria-guimaraes-sc/startseite/verein/2420/saison_id/2025,2027,PO1
https://www.transfermarkt.com/cd-santa-clara/startseite/verein/2423/saison_id/2025,2027,PO1
https://www.transfermarkt.com/gd-estoril-praia/startseite/verein/1465/saison_id/2025,2027,PO1
https://www.transfermarkt.com/rio-ave-fc/startseite/verein/2425/saison_id/2025,2027,PO1
https://www.transfermarkt.com/casa-pia-ac/startseite/verein/3268/saison_id/2025,2027,PO1
https://www.transfermarkt.com/gil-vicente-fc/startseite/verein/2424/saison_id/2025,2027,PO1
https://www.transfermarkt.com/fc-arouca/startseite/verein/8024/saison_id/2025,2027,PO1
https://www.transfermarkt.com/fc-alverca/startseite/verein/2521/saison_id/2025,2027,PO1
https://www.transfermarkt.com/moreirense-fc/startseite/verein/979/saison_id/2025,2027,PO1
https://www.transfermarkt.com/cd-nacional/startseite/verein/982/saison_id/2025,2027,PO1
https://www.transfermarkt.com/cf-estrela-amadora-sad/startseite/verein/2431/saison_id/2025,2027,PO1
https://www.transfermarkt.com/cd-tondela/startseite/verein/7179/saison_id/2025,2027,PO1
https://www.transfermarkt.com/avs-futebol-sad/startseite/verein/110302/saison_id/2025,2027,PO1
team_url,season_start_year,competition_id
https://www.transfermarkt.com/sporting-lissabon/startseite/verein/336/saison_id/2025,2026,PO1
https://www.transfermarkt.com/fc-porto/startseite/verein/720/saison_id/2025,2026,PO1
https://www.transfermarkt.com/benfica-lissabon/startseite/verein/294/saison_id/2025,2026,PO1
https://www.transfermarkt.com/sc-braga/startseite/verein/1075/saison_id/2025,2026,PO1
https://www.transfermarkt.com/fc-famalicao/startseite/verein/3329/saison_id/2025,2026,PO1
https://www.transfermarkt.com/vitoria-guimaraes-sc/startseite/verein/2420/saison_id/2025,2026,PO1
https://www.transfermarkt.com/cd-santa-clara/startseite/verein/2423/saison_id/2025,2026,PO1
https://www.transfermarkt.com/gd-estoril-praia/startseite/verein/1465/saison_id/2025,2026,PO1
https://www.transfermarkt.com/rio-ave-fc/startseite/verein/2425/saison_id/2025,2026,PO1
https://www.transfermarkt.com/casa-pia-ac/startseite/verein/3268/saison_id/2025,2026,PO1
https://www.transfermarkt.com/gil-vicente-fc/startseite/verein/2424/saison_id/2025,2026,PO1
https://www.transfermarkt.com/fc-arouca/startseite/verein/8024/saison_id/2025,2026,PO1
https://www.transfermarkt.com/fc-alverca/startseite/verein/2521/saison_id/2025,2026,PO1
https://www.transfermarkt.com/moreirense-fc/startseite/verein/979/saison_id/2025,2026,PO1
https://www.transfermarkt.com/cd-nacional/startseite/verein/982/saison_id/2025,2026,PO1
https://www.transfermarkt.com/cf-estrela-amadora-sad/startseite/verein/2431/saison_id/2025,2026,PO1
https://www.transfermarkt.com/cd-tondela/startseite/verein/7179/saison_id/2025,2026,PO1
https://www.transfermarkt.com/avs-futebol-sad/startseite/verein/110302/saison_id/2025,2026,PO1
team_url,season_start_year,competition_id
https://www.transfermarkt.com/sporting-lissabon/startseite/verein/336/saison_id/2025,2025,PO1
https://www.transfermarkt.com/fc-porto/startseite/verein/720/saison_id/2025,2025,PO1
https://www.transfermarkt.com/benfica-lissabon/startseite/verein/294/saison_id/2025,2025,PO1
https://www.transfermarkt.com/sc-braga/startseite/verein/1075/saison_id/2025,2025,PO1
https://www.transfermarkt.com/fc-famalicao/startseite/verein/3329/saison_id/2025,2025,PO1
https://www.transfermarkt.com/vitoria-guimaraes-sc/startseite/verein/2420/saison_id/2025,2025,PO1
https://www.transfermarkt.com/cd-santa-clara/startseite/verein/2423/saison_id/2025,2025,PO1
https://www.transfermarkt.com/gd-estoril-praia/startseite/verein/1465/saison_id/2025,2025,PO1
https://www.transfermarkt.com/rio-ave-fc/startseite/verein/2425/saison_id/2025,2025,PO1
https://www.transfermarkt.com/casa-pia-ac/startseite/verein/3268/saison_id/2025,2025,PO1
https://www.transfermarkt.com/gil-vicente-fc/startseite/verein/2424/saison_id/2025,2025,PO1
https://www.transfermarkt.com/fc-arouca/startseite/verein/8024/saison_id/2025,2025,PO1
https://www.transfermarkt.com/fc-alverca/startseite/verein/2521/saison_id/2025,2025,PO1
https://www.transfermarkt.com/moreirense-fc/startseite/verein/979/saison_id/2025,2025,PO1
https://www.transfermarkt.com/cd-nacional/startseite/verein/982/saison_id/2025,2025,PO1
https://www.transfermarkt.com/cf-estrela-amadora-sad/startseite/verein/2431/saison_id/2025,2025,PO1
https://www.transfermarkt.com/cd-tondela/startseite/verein/7179/saison_id/2025,2025,PO1
https://www.transfermarkt.com/avs-futebol-sad/startseite/verein/110302/saison_id/2025,2025,PO1
team_url,season_start_year,competition_id
https://www.transfermarkt.com/sporting-lissabon/startseite/verein/336/saison_id/2024,2024,PO1
https://www.transfermarkt.com/fc-porto/startseite/verein/720/saison_id/2024,2024,PO1
https://www.transfermarkt.com/benfica-lissabon/startseite/verein/294/saison_id/2024,2024,PO1
https://www.transfermarkt.com/sc-braga/startseite/verein/1075/saison_id/2024,2024,PO1
https://www.transfermarkt.com/vitoria-guimaraes-sc/startseite/verein/2420/saison_id/2024,2024,PO1
https://www.transfermarkt.com/fc-famalicao/startseite/verein/3329/saison_id/2024,2024,PO1
https://www.transfermarkt.com/rio-ave-fc/startseite/verein/2425/saison_id/2024,2024,PO1
https://www.transfermarkt.com/gd-estoril-praia/startseite/verein/1465/saison_id/2024,2024,PO1
https://www.transfermarkt.com/cd-santa-clara/startseite/verein/2423/saison_id/2024,2024,PO1
https://www.transfermarkt.com/fc-arouca/startseite/verein/8024/saison_id/2024,2024,PO1
https://www.transfermarkt.com/gil-vicente-fc/startseite/verein/2424/saison_id/2024,2024,PO1
https://www.transfermarkt.com/casa-pia-ac/startseite/verein/3268/saison_id/2024,2024,PO1
https://www.transfermarkt.com/moreirense-fc/startseite/verein/979/saison_id/2024,2024,PO1
https://www.transfermarkt.com/sc-farense/startseite/verein/4294/saison_id/2024,2024,PO1
https://www.transfermarkt.com/cf-estrela-amadora-sad/startseite/verein/2431/saison_id/2024,2024,PO1
https://www.transfermarkt.com/cd-nacional/startseite/verein/982/saison_id/2024,2024,PO1
https://www.transfermarkt.com/avs-futebol-sad/startseite/verein/110302/saison_id/2024,2024,PO1
https://www.transfermarkt.com/boavista-porto-fc/startseite/verein/2503/saison_id/2024,2024,PO1
team_url,season_start_year,competition_id
https://www.transfermarkt.com/benfica-lissabon/startseite/verein/294/saison_id/2023,2023,PO1
https://www.transfermarkt.com/sporting-lissabon/startseite/verein/336/saison_id/2023,2023,PO1
https://www.transfermarkt.com/fc-porto/startseite/verein/720/saison_id/2023,2023,PO1
https://www.transfermarkt.com/sc-braga/startseite/verein/1075/saison_id/2023,2023,PO1
https://www.transfermarkt.com/fc-famalicao/startseite/verein/3329/saison_id/2023,2023,PO1
https://www.transfermarkt.com/vitoria-guimaraes-sc/startseite/verein/2420/saison_id/2023,2023,PO1
https://www.transfermarkt.com/gd-estoril-praia/startseite/verein/1465/saison_id/2023,2023,PO1
https://www.transfermarkt.com/fc-arouca/startseite/verein/8024/saison_id/2023,2023,PO1
https://www.transfermarkt.com/gil-vicente-fc/startseite/verein/2424/saison_id/2023,2023,PO1
https://www.transfermarkt.com/boavista-porto-fc/startseite/verein/2503/saison_id/2023,2023,PO1
https://www.transfermarkt.com/moreirense-fc/startseite/verein/979/saison_id/2023,2023,PO1
https://www.transfermarkt.com/rio-ave-fc/startseite/verein/2425/saison_id/2023,2023,PO1
https://www.transfermarkt.com/casa-pia-ac/startseite/verein/3268/saison_id/2023,2023,PO1
https://www.transfermarkt.com/fc-vizela/startseite/verein/6912/saison_id/2023,2023,PO1
https://www.transfermarkt.com/portimonense-sc/startseite/verein/7378/saison_id/2023,2023,PO1
https://www.transfermarkt.com/sc-farense/startseite/verein/4294/saison_id/2023,2023,PO1
https://www.transfermarkt.com/cf-estrela-amadora-sad/startseite/verein/2431/saison_id/2023,2023,PO1
https://www.transfermarkt.com/gd-chaves/startseite/verein/3325/saison_id/2023,2023,PO1
team_url,season_start_year,competition_id
https://www.transfermarkt.com/bsc-young-boys/startseite/verein/452/saison_id/2025,2027,C1
https://www.transfermarkt.com/fc-lugano/startseite/verein/2790/saison_id/2025,2027,C1
https://www.transfermarkt.com/fc-basel-1893/startseite/verein/26/saison_id/2025,2027,C1
https://www.transfermarkt.com/fc-lausanne-sport/startseite/verein/527/saison_id/2025,2027,C1
https://www.transfermarkt.com/fc-zurich/startseite/verein/260/saison_id/2025,2027,C1
https://www.transfermarkt.com/fc-luzern/startseite/verein/434/saison_id/2025,2027,C1
https://www.transfermarkt.com/servette-fc/startseite/verein/61/saison_id/2025,2027,C1
https://www.transfermarkt.com/fc-st-gallen-1879/startseite/verein/257/saison_id/2025,2027,C1
https://www.transfermarkt.com/fc-sion/startseite/verein/321/saison_id/2025,2027,C1
https://www.transfermarkt.com/grasshopper-club-zurich/startseite/verein/504/saison_id/2025,2027,C1
https://www.transfermarkt.com/fc-thun/startseite/verein/938/saison_id/2025,2027,C1
https://www.transfermarkt.com/fc-winterthur/startseite/verein/242/saison_id/2025,2027,C1
team_url,season_start_year,competition_id
https://www.transfermarkt.com/bsc-young-boys/startseite/verein/452/saison_id/2025,2026,C1
https://www.transfermarkt.com/fc-lugano/startseite/verein/2790/saison_id/2025,2026,C1
https://www.transfermarkt.com/fc-basel-1893/startseite/verein/26/saison_id/2025,2026,C1
https://www.transfermarkt.com/fc-lausanne-sport/startseite/verein/527/saison_id/2025,2026,C1
https://www.transfermarkt.com/fc-zurich/startseite/verein/260/saison_id/2025,2026,C1
https://www.transfermarkt.com/fc-luzern/startseite/verein/434/saison_id/2025,2026,C1
https://www.transfermarkt.com/servette-fc/startseite/verein/61/saison_id/2025,2026,C1
https://www.transfermarkt.com/fc-st-gallen-1879/startseite/verein/257/saison_id/2025,2026,C1
https://www.transfermarkt.com/fc-sion/startseite/verein/321/saison_id/2025,2026,C1
https://www.transfermarkt.com/grasshopper-club-zurich/startseite/verein/504/saison_id/2025,2026,C1
https://www.transfermarkt.com/fc-thun/startseite/verein/938/saison_id/2025,2026,C1
https://www.transfermarkt.com/fc-winterthur/startseite/verein/242/saison_id/2025,2026,C1
team_url,season_start_year,competition_id
https://www.transfermarkt.com/bsc-young-boys/startseite/verein/452/saison_id/2025,2025,C1
https://www.transfermarkt.com/fc-lugano/startseite/verein/2790/saison_id/2025,2025,C1
https://www.transfermarkt.com/fc-basel-1893/startseite/verein/26/saison_id/2025,2025,C1
https://www.transfermarkt.com/fc-lausanne-sport/startseite/verein/527/saison_id/2025,2025,C1
https://www.transfermarkt.com/fc-zurich/startseite/verein/260/saison_id/2025,2025,C1
https://www.transfermarkt.com/fc-luzern/startseite/verein/434/saison_id/2025,2025,C1
https://www.transfermarkt.com/servette-fc/startseite/verein/61/saison_id/2025,2025,C1
https://www.transfermarkt.com/fc-st-gallen-1879/startseite/verein/257/saison_id/2025,2025,C1
https://www.transfermarkt.com/fc-sion/startseite/verein/321/saison_id/2025,2025,C1
https://www.transfermarkt.com/grasshopper-club-zurich/startseite/verein/504/saison_id/2025,2025,C1
https://www.transfermarkt.com/fc-thun/startseite/verein/938/saison_id/2025,2025,C1
https://www.transfermarkt.com/fc-winterthur/startseite/verein/242/saison_id/2025,2025,C1
team_url,season_start_year,competition_id
https://www.transfermarkt.com/fc-basel-1893/startseite/verein/26/saison_id/2024,2024,C1
https://www.transfermarkt.com/bsc-young-boys/startseite/verein/452/saison_id/2024,2024,C1
https://www.transfermarkt.com/fc-lugano/startseite/verein/2790/saison_id/2024,2024,C1
https://www.transfermarkt.com/fc-lausanne-sport/startseite/verein/527/saison_id/2024,2024,C1
https://www.transfermarkt.com/fc-luzern/startseite/verein/434/saison_id/2024,2024,C1
https://www.transfermarkt.com/fc-st-gallen-1879/startseite/verein/257/saison_id/2024,2024,C1
https://www.transfermarkt.com/fc-zurich/startseite/verein/260/saison_id/2024,2024,C1
https://www.transfermarkt.com/servette-fc/startseite/verein/61/saison_id/2024,2024,C1
https://www.transfermarkt.com/yverdon-sport-fc/startseite/verein/322/saison_id/2024,2024,C1
https://www.transfermarkt.com/fc-sion/startseite/verein/321/saison_id/2024,2024,C1
https://www.transfermarkt.com/grasshopper-club-zurich/startseite/verein/504/saison_id/2024,2024,C1
https://www.transfermarkt.com/fc-winterthur/startseite/verein/242/saison_id/2024,2024,C1
team_url,season_start_year,competition_id
https://www.transfermarkt.com/fc-basel-1893/startseite/verein/26/saison_id/2023,2023,C1
https://www.transfermarkt.com/bsc-young-boys/startseite/verein/452/saison_id/2023,2023,C1
https://www.transfermarkt.com/fc-lugano/startseite/verein/2790/saison_id/2023,2023,C1
https://www.transfermarkt.com/fc-lausanne-sport/startseite/verein/527/saison_id/2023,2023,C1
https://www.transfermarkt.com/servette-fc/startseite/verein/61/saison_id/2023,2023,C1
https://www.transfermarkt.com/fc-st-gallen-1879/startseite/verein/257/saison_id/2023,2023,C1
https://www.transfermarkt.com/fc-luzern/startseite/verein/434/saison_id/2023,2023,C1
https://www.transfermarkt.com/grasshopper-club-zurich/startseite/verein/504/saison_id/2023,2023,C1
https://www.transfermarkt.com/fc-zurich/startseite/verein/260/saison_id/2023,2023,C1
https://www.transfermarkt.com/yverdon-sport-fc/startseite/verein/322/saison_id/2023,2023,C1
https://www.transfermarkt.com/fc-winterthur/startseite/verein/242/saison_id/2023,2023,C1
https://www.transfermarkt.com/fc-stade-lausanne-ouchy/startseite/verein/5499/saison_id/2023,2023,C1
team_url,season_start_year,competition_id
https://www.transfermarkt.com/inter-miami-cf/startseite/verein/69261/saison_id/2024,2027,MLS1
https://www.transfermarkt.com/fc-cincinnati/startseite/verein/51772/saison_id/2024,2027,MLS1
https://www.transfermarkt.com/los-angeles-fc/startseite/verein/51828/saison_id/2024,2027,MLS1
https://www.transfermarkt.com/atlanta-united-fc/startseite/verein/51663/saison_id/2024,2027,MLS1
https://www.transfermarkt.com/los-angeles-galaxy/startseite/verein/1061/saison_id/2024,2027,MLS1
https://www.transfermarkt.com/portland-timbers/startseite/verein/4291/saison_id/2024,2027,MLS1
https://www.transfermarkt.com/seattle-sounders-fc/startseite/verein/9636/saison_id/2024,2027,MLS1
https://www.transfermarkt.com/vancouver-whitecaps-fc/startseite/verein/6321/saison_id/2024,2027,MLS1
https://www.transfermarkt.com/columbus-crew-sc/startseite/verein/813/saison_id/2024,2027,MLS1
https://www.transfermarkt.com/chicago-fire-fc/startseite/verein/432/saison_id/2024,2027,MLS1
https://www.transfermarkt.com/minnesota-united-fc/startseite/verein/56089/saison_id/2024,2027,MLS1
https://www.transfermarkt.com/austin-fc/startseite/verein/72309/saison_id/2024,2027,MLS1
https://www.transfermarkt.com/new-york-city-fc/startseite/verein/40058/saison_id/2024,2027,MLS1
https://www.transfermarkt.com/charlotte-fc/startseite/verein/78435/saison_id/2024,2027,MLS1
https://www.transfermarkt.com/san-diego-fc/startseite/verein/114977/saison_id/2024,2027,MLS1
https://www.transfermarkt.com/colorado-rapids/startseite/verein/1247/saison_id/2024,2027,MLS1
https://www.transfermarkt.com/orlando-city-sc/startseite/verein/45604/saison_id/2024,2027,MLS1
https://www.transfermarkt.com/real-salt-lake-city/startseite/verein/6643/saison_id/2024,2027,MLS1
https://www.transfermarkt.com/new-york-red-bulls/startseite/verein/623/saison_id/2024,2027,MLS1
https://www.transfermarkt.com/st-louis-city-sc/startseite/verein/82686/saison_id/2024,2027,MLS1
https://www.transfermarkt.com/new-england-revolution/startseite/verein/626/saison_id/2024,2027,MLS1
https://www.transfermarkt.com/philadelphia-union/startseite/verein/25467/saison_id/2024,2027,MLS1
https://www.transfermarkt.com/nashville-sc/startseite/verein/63966/saison_id/2024,2027,MLS1
https://www.transfermarkt.com/houston-dynamo-fc/startseite/verein/9168/saison_id/2024,2027,MLS1
https://www.transfermarkt.com/san-jose-earthquakes/startseite/verein/218/saison_id/2024,2027,MLS1
https://www.transfermarkt.com/sporting-kansas-city/startseite/verein/4284/saison_id/2024,2027,MLS1
https://www.transfermarkt.com/fc-dallas/startseite/verein/8816/saison_id/2024,2027,MLS1
https://www.transfermarkt.com/toronto-fc/startseite/verein/11141/saison_id/2024,2027,MLS1
https://www.transfermarkt.com/club-de-foot-montreal/startseite/verein/4078/saison_id/2024,2027,MLS1
https://www.transfermarkt.com/d-c-united/startseite/verein/2440/saison_id/2024,2027,MLS1
team_url,season_start_year,competition_id
https://www.transfermarkt.com/inter-miami-cf/startseite/verein/69261/saison_id/2024,2026,MLS1
https://www.transfermarkt.com/fc-cincinnati/startseite/verein/51772/saison_id/2024,2026,MLS1
https://www.transfermarkt.com/los-angeles-fc/startseite/verein/51828/saison_id/2024,2026,MLS1
https://www.transfermarkt.com/atlanta-united-fc/startseite/verein/51663/saison_id/2024,2026,MLS1
https://www.transfermarkt.com/los-angeles-galaxy/startseite/verein/1061/saison_id/2024,2026,MLS1
https://www.transfermarkt.com/portland-timbers/startseite/verein/4291/saison_id/2024,2026,MLS1
https://www.transfermarkt.com/seattle-sounders-fc/startseite/verein/9636/saison_id/2024,2026,MLS1
https://www.transfermarkt.com/vancouver-whitecaps-fc/startseite/verein/6321/saison_id/2024,2026,MLS1
https://www.transfermarkt.com/columbus-crew-sc/startseite/verein/813/saison_id/2024,2026,MLS1
https://www.transfermarkt.com/chicago-fire-fc/startseite/verein/432/saison_id/2024,2026,MLS1
https://www.transfermarkt.com/minnesota-united-fc/startseite/verein/56089/saison_id/2024,2026,MLS1
https://www.transfermarkt.com/austin-fc/startseite/verein/72309/saison_id/2024,2026,MLS1
https://www.transfermarkt.com/new-york-city-fc/startseite/verein/40058/saison_id/2024,2026,MLS1
https://www.transfermarkt.com/charlotte-fc/startseite/verein/78435/saison_id/2024,2026,MLS1
https://www.transfermarkt.com/san-diego-fc/startseite/verein/114977/saison_id/2024,2026,MLS1
https://www.transfermarkt.com/colorado-rapids/startseite/verein/1247/saison_id/2024,2026,MLS1
https://www.transfermarkt.com/orlando-city-sc/startseite/verein/45604/saison_id/2024,2026,MLS1
https://www.transfermarkt.com/real-salt-lake-city/startseite/verein/6643/saison_id/2024,2026,MLS1
https://www.transfermarkt.com/new-york-red-bulls/startseite/verein/623/saison_id/2024,2026,MLS1
https://www.transfermarkt.com/st-louis-city-sc/startseite/verein/82686/saison_id/2024,2026,MLS1
https://www.transfermarkt.com/new-england-revolution/startseite/verein/626/saison_id/2024,2026,MLS1
https://www.transfermarkt.com/philadelphia-union/startseite/verein/25467/saison_id/2024,2026,MLS1
https://www.transfermarkt.com/nashville-sc/startseite/verein/63966/saison_id/2024,2026,MLS1
https://www.transfermarkt.com/houston-dynamo-fc/startseite/verein/9168/saison_id/2024,2026,MLS1
https://www.transfermarkt.com/san-jose-earthquakes/startseite/verein/218/saison_id/2024,2026,MLS1
https://www.transfermarkt.com/sporting-kansas-city/startseite/verein/4284/saison_id/2024,2026,MLS1
https://www.transfermarkt.com/fc-dallas/startseite/verein/8816/saison_id/2024,2026,MLS1
https://www.transfermarkt.com/toronto-fc/startseite/verein/11141/saison_id/2024,2026,MLS1
https://www.transfermarkt.com/club-de-foot-montreal/startseite/verein/4078/saison_id/2024,2026,MLS1
https://www.transfermarkt.com/d-c-united/startseite/verein/2440/saison_id/2024,2026,MLS1
team_url,season_start_year,competition_id
https://www.transfermarkt.com/inter-miami-cf/startseite/verein/69261/saison_id/2024,2025,MLS1
https://www.transfermarkt.com/fc-cincinnati/startseite/verein/51772/saison_id/2024,2025,MLS1
https://www.transfermarkt.com/los-angeles-fc/startseite/verein/51828/saison_id/2024,2025,MLS1
https://www.transfermarkt.com/atlanta-united-fc/startseite/verein/51663/saison_id/2024,2025,MLS1
https://www.transfermarkt.com/los-angeles-galaxy/startseite/verein/1061/saison_id/2024,2025,MLS1
https://www.transfermarkt.com/portland-timbers/startseite/verein/4291/saison_id/2024,2025,MLS1
https://www.transfermarkt.com/seattle-sounders-fc/startseite/verein/9636/saison_id/2024,2025,MLS1
https://www.transfermarkt.com/vancouver-whitecaps-fc/startseite/verein/6321/saison_id/2024,2025,MLS1
https://www.transfermarkt.com/columbus-crew-sc/startseite/verein/813/saison_id/2024,2025,MLS1
https://www.transfermarkt.com/chicago-fire-fc/startseite/verein/432/saison_id/2024,2025,MLS1
https://www.transfermarkt.com/minnesota-united-fc/startseite/verein/56089/saison_id/2024,2025,MLS1
https://www.transfermarkt.com/austin-fc/startseite/verein/72309/saison_id/2024,2025,MLS1
https://www.transfermarkt.com/new-york-city-fc/startseite/verein/40058/saison_id/2024,2025,MLS1
https://www.transfermarkt.com/charlotte-fc/startseite/verein/78435/saison_id/2024,2025,MLS1
https://www.transfermarkt.com/san-diego-fc/startseite/verein/114977/saison_id/2024,2025,MLS1
https://www.transfermarkt.com/colorado-rapids/startseite/verein/1247/saison_id/2024,2025,MLS1
https://www.transfermarkt.com/orlando-city-sc/startseite/verein/45604/saison_id/2024,2025,MLS1
https://www.transfermarkt.com/real-salt-lake-city/startseite/verein/6643/saison_id/2024,2025,MLS1
https://www.transfermarkt.com/new-york-red-bulls/startseite/verein/623/saison_id/2024,2025,MLS1
https://www.transfermarkt.com/st-louis-city-sc/startseite/verein/82686/saison_id/2024,2025,MLS1
https://www.transfermarkt.com/new-england-revolution/startseite/verein/626/saison_id/2024,2025,MLS1
https://www.transfermarkt.com/philadelphia-union/startseite/verein/25467/saison_id/2024,2025,MLS1
https://www.transfermarkt.com/nashville-sc/startseite/verein/63966/saison_id/2024,2025,MLS1
https://www.transfermarkt.com/houston-dynamo-fc/startseite/verein/9168/saison_id/2024,2025,MLS1
https://www.transfermarkt.com/san-jose-earthquakes/startseite/verein/218/saison_id/2024,2025,MLS1
https://www.transfermarkt.com/sporting-kansas-city/startseite/verein/4284/saison_id/2024,2025,MLS1
https://www.transfermarkt.com/fc-dallas/startseite/verein/8816/saison_id/2024,2025,MLS1
https://www.transfermarkt.com/toronto-fc/startseite/verein/11141/saison_id/2024,2025,MLS1
https://www.transfermarkt.com/club-de-foot-montreal/startseite/verein/4078/saison_id/2024,2025,MLS1
https://www.transfermarkt.com/d-c-united/startseite/verein/2440/saison_id/2024,2025,MLS1
team_url,season_start_year,competition_id
https://www.transfermarkt.com/inter-miami-cf/startseite/verein/69261/saison_id/2024,2024,MLS1
https://www.transfermarkt.com/fc-cincinnati/startseite/verein/51772/saison_id/2024,2024,MLS1
https://www.transfermarkt.com/los-angeles-fc/startseite/verein/51828/saison_id/2024,2024,MLS1
https://www.transfermarkt.com/atlanta-united-fc/startseite/verein/51663/saison_id/2024,2024,MLS1
https://www.transfermarkt.com/los-angeles-galaxy/startseite/verein/1061/saison_id/2024,2024,MLS1
https://www.transfermarkt.com/portland-timbers/startseite/verein/4291/saison_id/2024,2024,MLS1
https://www.transfermarkt.com/seattle-sounders-fc/startseite/verein/9636/saison_id/2024,2024,MLS1
https://www.transfermarkt.com/vancouver-whitecaps-fc/startseite/verein/6321/saison_id/2024,2024,MLS1
https://www.transfermarkt.com/columbus-crew-sc/startseite/verein/813/saison_id/2024,2024,MLS1
https://www.transfermarkt.com/chicago-fire-fc/startseite/verein/432/saison_id/2024,2024,MLS1
https://www.transfermarkt.com/minnesota-united-fc/startseite/verein/56089/saison_id/2024,2024,MLS1
https://www.transfermarkt.com/austin-fc/startseite/verein/72309/saison_id/2024,2024,MLS1
https://www.transfermarkt.com/new-york-city-fc/startseite/verein/40058/saison_id/2024,2024,MLS1
https://www.transfermarkt.com/charlotte-fc/startseite/verein/78435/saison_id/2024,2024,MLS1
https://www.transfermarkt.com/san-diego-fc/startseite/verein/114977/saison_id/2024,2024,MLS1
https://www.transfermarkt.com/colorado-rapids/startseite/verein/1247/saison_id/2024,2024,MLS1
https://www.transfermarkt.com/orlando-city-sc/startseite/verein/45604/saison_id/2024,2024,MLS1
https://www.transfermarkt.com/real-salt-lake-city/startseite/verein/6643/saison_id/2024,2024,MLS1
https://www.transfermarkt.com/new-york-red-bulls/startseite/verein/623/saison_id/2024,2024,MLS1
https://www.transfermarkt.com/st-louis-city-sc/startseite/verein/82686/saison_id/2024,2024,MLS1
https://www.transfermarkt.com/new-england-revolution/startseite/verein/626/saison_id/2024,2024,MLS1
https://www.transfermarkt.com/philadelphia-union/startseite/verein/25467/saison_id/2024,2024,MLS1
https://www.transfermarkt.com/nashville-sc/startseite/verein/63966/saison_id/2024,2024,MLS1
https://www.transfermarkt.com/houston-dynamo-fc/startseite/verein/9168/saison_id/2024,2024,MLS1
https://www.transfermarkt.com/san-jose-earthquakes/startseite/verein/218/saison_id/2024,2024,MLS1
https://www.transfermarkt.com/sporting-kansas-city/startseite/verein/4284/saison_id/2024,2024,MLS1
https://www.transfermarkt.com/fc-dallas/startseite/verein/8816/saison_id/2024,2024,MLS1
https://www.transfermarkt.com/toronto-fc/startseite/verein/11141/saison_id/2024,2024,MLS1
https://www.transfermarkt.com/club-de-foot-montreal/startseite/verein/4078/saison_id/2024,2024,MLS1
https://www.transfermarkt.com/d-c-united/startseite/verein/2440/saison_id/2024,2024,MLS1
team_url,season_start_year,competition_id
https://www.transfermarkt.com/inter-miami-cf/startseite/verein/69261/saison_id/2023,2023,MLS1
https://www.transfermarkt.com/los-angeles-fc/startseite/verein/51828/saison_id/2023,2023,MLS1
https://www.transfermarkt.com/new-england-revolution/startseite/verein/626/saison_id/2023,2023,MLS1
https://www.transfermarkt.com/atlanta-united-fc/startseite/verein/51663/saison_id/2023,2023,MLS1
https://www.transfermarkt.com/toronto-fc/startseite/verein/11141/saison_id/2023,2023,MLS1
https://www.transfermarkt.com/new-york-city-fc/startseite/verein/40058/saison_id/2023,2023,MLS1
https://www.transfermarkt.com/austin-fc/startseite/verein/72309/saison_id/2023,2023,MLS1
https://www.transfermarkt.com/fc-cincinnati/startseite/verein/51772/saison_id/2023,2023,MLS1
https://www.transfermarkt.com/fc-dallas/startseite/verein/8816/saison_id/2023,2023,MLS1
https://www.transfermarkt.com/seattle-sounders-fc/startseite/verein/9636/saison_id/2023,2023,MLS1
https://www.transfermarkt.com/columbus-crew-sc/startseite/verein/813/saison_id/2023,2023,MLS1
https://www.transfermarkt.com/portland-timbers/startseite/verein/4291/saison_id/2023,2023,MLS1
https://www.transfermarkt.com/orlando-city-sc/startseite/verein/45604/saison_id/2023,2023,MLS1
https://www.transfermarkt.com/los-angeles-galaxy/startseite/verein/1061/saison_id/2023,2023,MLS1
https://www.transfermarkt.com/philadelphia-union/startseite/verein/25467/saison_id/2023,2023,MLS1
https://www.transfermarkt.com/charlotte-fc/startseite/verein/78435/saison_id/2023,2023,MLS1
https://www.transfermarkt.com/colorado-rapids/startseite/verein/1247/saison_id/2023,2023,MLS1
https://www.transfermarkt.com/minnesota-united-fc/startseite/verein/56089/saison_id/2023,2023,MLS1
https://www.transfermarkt.com/san-jose-earthquakes/startseite/verein/218/saison_id/2023,2023,MLS1
https://www.transfermarkt.com/nashville-sc/startseite/verein/63966/saison_id/2023,2023,MLS1
https://www.transfermarkt.com/chicago-fire-fc/startseite/verein/432/saison_id/2023,2023,MLS1
https://www.transfermarkt.com/vancouver-whitecaps-fc/startseite/verein/6321/saison_id/2023,2023,MLS1
https://www.transfermarkt.com/club-de-foot-montreal/startseite/verein/4078/saison_id/2023,2023,MLS1
https://www.transfermarkt.com/new-york-red-bulls/startseite/verein/623/saison_id/2023,2023,MLS1
https://www.transfermarkt.com/sporting-kansas-city/startseite/verein/4284/saison_id/2023,2023,MLS1
https://www.transfermarkt.com/real-salt-lake-city/startseite/verein/6643/saison_id/2023,2023,MLS1
https://www.transfermarkt.com/houston-dynamo-fc/startseite/verein/9168/saison_id/2023,2023,MLS1
https://www.transfermarkt.com/st-louis-city-sc/startseite/verein/82686/saison_id/2023,2023,MLS1
https://www.transfermarkt.com/d-c-united/startseite/verein/2440/saison_id/2023,2023,MLS1
